Date,Apple,Amazon,DBS
10/1/2018,56.814999,100.218002,25.969999
10/2/2018,57.32,98.565498,25.629999
10/3/2018,58.017502,97.638,25.950001
10/4/2018,56.997501,95.471001,25.76
10/5/2018,56.072498,94.482498,25.77
10/8/2018,55.942501,93.221001,25.469999
10/9/2018,56.717499,93.515999,25.26
10/10/2018,54.09,87.762497,24.950001
10/11/2018,53.612499,85.968002,24.309999
10/12/2018,55.5275,89.430496,24.42
10/15/2018,54.34,88.047501,24.48
10/16/2018,55.537498,90.998001,24.24
10/17/2018,55.297501,91.586502,24.49
10/18/2018,54.005001,88.536003,24.35
10/19/2018,54.827499,88.2015,24.26
10/22/2018,55.162498,89.464996,24.35
10/23/2018,55.682499,88.434998,23.969999
10/24/2018,53.772499,83.209999,24.1
10/25/2018,54.950001,89.108498,23.709999
10/26/2018,54.075001,82.140503,23.1
10/29/2018,53.060001,76.944,23.030001
10/30/2018,53.325001,76.521004,22.799999
10/31/2018,54.715,79.900497,23.459999
11/1/2018,55.555,83.276497,23.950001
11/2/2018,51.869999,83.276497,24.66
11/5/2018,50.397499,81.389999,24
11/6/2018,50.942501,82.140503,23.77
11/7/2018,52.487499,87.774498,23.99
11/8/2018,52.122501,87.745499,23.74
11/9/2018,51.1175,85.621498,23.52
11/12/2018,48.5425,81.842499,23.32
11/13/2018,48.057499,81.558502,23.200001
11/14/2018,46.700001,79.9505,23.15
11/15/2018,47.852501,80.972,23.32
11/16/2018,48.3825,79.670502,23.200001
11/19/2018,46.465,75.614502,22.9
11/20/2018,44.244999,74.773003,23
11/21/2018,44.195,75.836502,23
11/23/2018,43.072498,75.102997,23.08
11/26/2018,43.654999,79.066498,23.59
11/27/2018,43.560001,79.070999,23.700001
11/28/2018,45.235001,83.887497,23.870001
11/29/2018,44.887501,83.678497,24.18
11/30/2018,44.645,84.508499,24.379999
12/3/2018,46.205002,88.617996,25.110001
12/4/2018,44.172501,83.419998,24.959999
12/6/2018,43.68,84.959503,24.65
12/7/2018,42.122501,81.456497,24.139999
12/10/2018,42.400002,82.051498,24.16
12/11/2018,42.157501,82.162003,23.799999
12/12/2018,42.275002,83.177002,23.49
12/13/2018,42.737499,82.918999,23.700001
12/14/2018,41.369999,79.595497,23.92
12/17/2018,40.985001,76.045502,23.690001
12/18/2018,41.517502,77.573997,23.940001
12/19/2018,40.2225,74.753998,23.549999
12/20/2018,39.2075,73.041496,23.57
12/21/2018,37.682499,68.872498,23.4
12/24/2018,36.7075,67.197998,23.450001
12/26/2018,39.2925,73.544998,23.57
12/27/2018,39.037498,73.082001,23.280001
12/28/2018,39.057499,73.901001,23.450001
12/31/2018,39.435001,75.098503,23.530001
1/2/2019,39.48,76.956497,23.690001
1/3/2019,35.547501,75.014,23.690001
1/4/2019,37.064999,78.769501,23.49
1/7/2019,36.982498,81.475502,23.09
1/8/2019,37.6875,82.829002,23.290001
1/9/2019,38.327499,82.971001,23.75
1/10/2019,38.450001,82.810997,23.91
1/11/2019,38.072498,82.028,24.24
1/14/2019,37.5,80.860497,24.440001
1/15/2019,38.267502,83.727997,24.780001
1/16/2019,38.735001,84.189003,24.57
1/17/2019,38.965,84.661003,25.02
1/18/2019,39.205002,84.809998,25.17
1/22/2019,38.325001,81.608498,25.08
1/23/2019,38.48,82.000999,25.139999
1/24/2019,38.174999,82.746498,25.01
1/25/2019,39.439999,83.528503,24.549999
1/28/2019,39.075001,81.894501,24.16
1/29/2019,38.669998,79.694,24.200001
1/30/2019,41.3125,83.5215,24.219999
1/31/2019,41.610001,85.936501,24.219999
2/1/2019,41.630001,81.311501,24.219999
2/4/2019,42.8125,81.665497,23.940001
2/5/2019,43.544998,82.940498,23.92
2/6/2019,43.560001,82.013,24.07
2/7/2019,42.735001,80.718498,24.18
2/8/2019,42.602501,79.411003,24.18
2/11/2019,42.357498,79.550003,24.33
2/12/2019,42.7225,81.900497,24.299999
2/13/2019,42.544998,82,24.360001
2/14/2019,42.700001,81.1325,24.34
2/15/2019,42.605,80.397499,24.9
2/19/2019,42.732498,81.378998,24.969999
2/20/2019,43.0075,81.105003,24.790001
2/21/2019,42.764999,80.972,25.200001
2/22/2019,43.2425,81.578003,25.1
2/25/2019,43.557499,81.650002,25.08
2/26/2019,43.5825,81.82,24.809999
2/27/2019,43.717499,82.054497,25.01
2/28/2019,43.287498,81.991501,25.18
3/1/2019,43.7425,83.586502,25.17
3/4/2019,43.962502,84.808502,25.15
3/5/2019,43.8825,84.621498,24.84
3/6/2019,43.630001,83.447502,25.08
3/7/2019,43.125,81.297501,25.5
3/8/2019,43.227501,81.040001,25.43
3/11/2019,44.724998,83.530998,25.360001
3/12/2019,45.227501,83.654999,25.32
3/13/2019,45.427502,84.540497,25.059999
3/14/2019,45.932499,84.310997,25.120001
3/15/2019,46.529999,85.617996,25.299999
3/18/2019,47.005001,87.107498,24.969999
3/19/2019,46.6325,88.092499,25.1
3/20/2019,47.040001,89.863503,25.139999
3/21/2019,48.772499,90.962997,25.24
3/22/2019,47.762501,88.238503,25.42
3/25/2019,47.185001,88.712997,25.35
3/26/2019,46.697498,89.188004,25.389999
3/27/2019,47.1175,88.285004,25.35
3/28/2019,47.18,88.670998,25.120001
3/29/2019,47.487499,89.037498,25.1
4/1/2019,47.810001,90.709503,25.1
4/2/2019,48.505001,90.698997,25.1
4/3/2019,48.837502,91.035004,25.23
4/4/2019,48.922501,90.943001,25.59
4/5/2019,49.25,91.863998,26.07
4/8/2019,50.025002,92.492996,26.73
4/9/2019,49.875,91.792,26.85
4/10/2019,50.154999,92.366501,26.98
4/11/2019,49.737499,92.203499,26.82
4/12/2019,49.717499,92.153,27
4/15/2019,49.807499,92.2435,26.969999
4/16/2019,49.8125,93.152,26.93
4/17/2019,50.782501,93.240997,26.98
4/18/2019,50.965,93.084503,27.01
4/22/2019,51.1325,94.365501,27.16
4/23/2019,51.869999,96.188499,27.49
4/24/2019,51.790001,95.087502,27.4
4/25/2019,51.32,95.112503,27.450001
4/26/2019,51.075001,97.531502,27.42
4/29/2019,51.1525,96.921501,27.370001
4/30/2019,50.1675,96.325996,27.25
5/1/2019,52.630001,95.575996,27.41
5/2/2019,52.287498,95.041,28.4
5/3/2019,52.9375,98.123001,28.25
5/6/2019,52.119999,97.527496,27.6
5/7/2019,50.715,96.050003,27.73
5/8/2019,50.724998,95.888496,26.530001
5/9/2019,50.18,94.9935,26.77
5/10/2019,49.294998,94.499001,26.58
5/13/2019,46.43,91.134003,26.6
5/14/2019,47.165001,92.005997,26.549999
5/15/2019,47.73,93.557503,26
5/16/2019,47.52,95.378502,26.1
5/17/2019,47.25,93.449997,26.290001
5/20/2019,45.772499,92.948502,26.58
5/21/2019,46.650002,92.875999,25.889999
5/22/2019,45.695,92.984001,25.74
5/23/2019,44.915001,90.774002,25.43
5/24/2019,44.7425,91.164001,25.190001
5/28/2019,44.557499,91.821503,25.200001
5/29/2019,44.345001,90.959503,25.059999
5/30/2019,44.575001,90.816002,24.959999
5/31/2019,43.767502,88.753502,24.85
6/3/2019,43.325001,84.634499,24.6
6/4/2019,44.91,86.477997,24.290001
6/5/2019,45.634998,86.925003,24.059999
6/6/2019,46.305,87.718002,24.27
6/7/2019,47.537498,90.2015,24.25
6/10/2019,48.145,93.031502,24.389999
6/11/2019,48.702499,93.184998,24.52
6/12/2019,48.547501,92.765999,24.68
6/13/2019,48.537498,93.514999,24.700001
6/14/2019,48.185001,93.483498,24.68
6/17/2019,48.4725,94.301498,24.809999
6/18/2019,49.612499,95.068497,24.67
6/19/2019,49.467499,95.439499,24.799999
6/20/2019,49.865002,95.9095,25.43
6/21/2019,49.695,95.565002,25.82
6/24/2019,49.645,95.695,25.92
6/25/2019,48.892502,93.913498,25.77
6/26/2019,49.950001,94.891502,25.6
6/27/2019,49.935001,95.213997,25.48
6/28/2019,49.48,94.681503,25.83
7/1/2019,50.387501,96.109497,25.959999
7/2/2019,50.682499,96.7155,26.6
7/3/2019,51.102501,96.949997,26.5
7/5/2019,51.057499,97.1455,26.15
7/8/2019,50.005001,97.615997,26.059999
7/9/2019,50.310001,99.415001,25.629999
7/10/2019,50.807499,100.870499,25.370001
7/11/2019,50.4375,100.053497,25.32
7/12/2019,50.825001,100.550003,25.4
7/15/2019,51.302502,101.0495,25.610001
7/16/2019,51.125,100.495003,25.780001
7/17/2019,50.837502,99.601501,25.9
7/18/2019,51.415001,98.894997,25.99
7/19/2019,50.647499,98.225998,26.26
7/22/2019,51.805,99.281502,26.309999
7/23/2019,52.209999,99.724503,26.620001
7/24/2019,52.1675,100.040497,26.559999
7/25/2019,51.755001,98.691002,26.629999
7/26/2019,51.935001,97.152496,26.65
7/29/2019,52.419998,95.622498,26.91
7/30/2019,52.195,94.926498,26.879999
7/31/2019,53.259998,93.338997,26.639999
8/1/2019,52.107498,92.765999,26.49
8/2/2019,51.005001,91.162003,26.41
8/5/2019,48.334999,88.2565,26.51
8/6/2019,49.25,89.391502,26.25
8/7/2019,49.759998,89.669998,25.290001
8/8/2019,50.857498,91.644501,24.879999
8/9/2019,50.247501,90.378998,25.08
8/12/2019,50.119999,89.246002,24.940001
8/13/2019,52.2425,91.217003,24.809999
8/14/2019,50.6875,88.148003,24.99
8/15/2019,50.435001,88.806,24.700001
8/16/2019,51.625,89.628502,24.700001
8/19/2019,52.587502,90.806,24.75
8/20/2019,52.59,90.069,24.709999
8/21/2019,53.16,91.177002,24.58
8/22/2019,53.115002,90.233002,24.59
8/23/2019,50.66,87.481003,24.389999
8/26/2019,51.622501,88.443497,24.09
8/27/2019,51.040001,88.091499,24.17
8/28/2019,51.3825,88.212502,24.02
8/29/2019,52.252499,89.32,24.24
8/30/2019,52.185001,88.814499,24.530001
9/3/2019,51.424999,89.491997,24.35
9/4/2019,52.297501,90.030998,24.35
9/5/2019,53.32,92.036003,24.540001
9/6/2019,53.314999,91.675499,24.629999
9/9/2019,53.5425,91.567497,24.76
9/10/2019,54.174999,91.027496,24.77
9/11/2019,55.897499,91.149498,24.950001
9/12/2019,55.772499,92.177498,25.25
9/13/2019,54.6875,91.967003,25.370001
9/16/2019,54.974998,90.391998,25.559999
9/17/2019,55.174999,91.127502,25.469999
9/18/2019,55.692501,90.873001,25.299999
9/19/2019,55.240002,91.074997,25.030001
9/20/2019,54.432499,89.708,25
9/23/2019,54.68,89.264999,25.15
9/24/2019,54.419998,87.080498,24.91
9/25/2019,55.2575,88.416496,25.040001
9/26/2019,54.9725,86.991997,24.73
9/27/2019,54.705002,86.272499,24.82
9/30/2019,55.9925,86.795502,24.9
10/1/2019,56.147499,86.782501,25
10/2/2019,54.740002,85.661499,25.24
10/3/2019,55.205002,86.221001,24.77
10/4/2019,56.752499,86.982498,24.57
10/7/2019,56.764999,86.633003,24.549999
10/8/2019,56.099998,85.275497,24.68
10/9/2019,56.7575,86.099503,24.76
10/10/2019,57.522499,86.013,24.6
10/11/2019,59.052502,86.596001,24.709999
10/14/2019,58.967499,86.821503,24.9
10/15/2019,58.830002,88.369003,25
10/16/2019,58.592499,88.871498,24.940001
10/17/2019,58.82,89.374001,25.049999
10/18/2019,59.102501,87.875504,24.940001
10/21/2019,60.127499,89.282997,24.780001
10/22/2019,59.990002,88.286499,24.780001
10/23/2019,60.794998,88.108498,24.91
10/24/2019,60.895,89.039001,24.790001
10/25/2019,61.645,88.066498,25.08
10/28/2019,62.262501,88.853996,25.18
10/29/2019,60.822498,88.135498,25.370001
10/30/2019,60.814999,88.999496,25.690001
10/31/2019,62.189999,88.833,26
11/1/2019,63.955002,89.571999,25.870001
11/4/2019,64.375,90.233002,26.129999
11/5/2019,64.282501,90.085503,26.17
11/6/2019,64.309998,89.788498,26.4
11/7/2019,64.857498,89.410004,26.66
11/8/2019,65.035004,89.293999,26.610001
11/11/2019,65.550003,88.582497,26.639999
11/12/2019,65.489998,88.900002,26.73
11/13/2019,66.1175,87.655502,26.629999
11/14/2019,65.660004,87.730003,26.559999
11/15/2019,66.440002,86.974503,26.620001
11/18/2019,66.775002,87.626503,26.6
11/19/2019,66.572502,87.639503,26.440001
11/20/2019,65.797501,87.276497,26.18
11/21/2019,65.502502,86.735497,25.639999
11/22/2019,65.445,87.286003,25.799999
11/25/2019,66.592499,88.692001,25.65
11/26/2019,66.072502,89.847,25.75
11/27/2019,66.959999,90.925499,25.780001
11/29/2019,66.8125,90.040001,25.530001
12/2/2019,66.040001,89.080002,25.25
12/3/2019,64.862503,88.498001,25.129999
12/4/2019,65.434998,88.0345,24.98
12/5/2019,66.394997,87.024002,24.92
12/6/2019,67.677498,87.580002,25.01
12/9/2019,66.730003,87.475502,25.120001
12/10/2019,67.120003,86.960503,25.01
12/11/2019,67.692497,87.435997,24.950001
12/12/2019,67.864998,88.016502,25.049999
12/13/2019,68.787498,88.046997,25.5
12/16/2019,69.964996,88.460503,25.82
12/17/2019,70.102501,89.532997,25.700001
12/18/2019,69.934998,89.2015,25.66
12/19/2019,70.004997,89.613998,25.809999
12/20/2019,69.860001,89.324997,25.940001
12/23/2019,71,89.650002,25.969999
12/24/2019,71.067497,89.460503,25.91
12/26/2019,72.477501,93.438499,25.99
12/27/2019,72.449997,93.489998,25.99
12/30/2019,72.879997,92.344498,26
12/31/2019,73.412498,92.391998,25.950001
1/2/2020,75.087502,94.900497,25.83
1/3/2020,74.357498,93.748497,25.879999
1/6/2020,74.949997,95.143997,26.110001
1/7/2020,74.597504,95.343002,26
1/8/2020,75.797501,94.598503,25.860001
1/9/2020,77.407501,95.052498,26.049999
1/10/2020,77.582497,94.157997,25.73
1/13/2020,79.239998,94.565002,25.860001
1/14/2020,78.169998,93.472,26
1/15/2020,77.834999,93.100998,26.1
1/16/2020,78.809998,93.897003,26.25
1/17/2020,79.682503,93.236,26.08
1/21/2020,79.142502,94.599998,26.33
1/22/2020,79.425003,94.373001,26.35
1/23/2020,79.807503,94.228996,26.379999
1/24/2020,79.577499,93.082001,26.299999
1/27/2020,77.237503,91.417,26.4
1/28/2020,79.422501,92.662498,26.25
1/29/2020,81.084999,92.900002,26.200001
1/30/2020,80.967499,93.533997,25.85
1/31/2020,77.377502,100.435997,25.83
2/3/2020,77.165001,100.209999,25.690001
2/4/2020,79.712502,102.483498,25.370001
2/5/2020,80.362503,101.9935,24.9
2/6/2020,81.302498,102.511497,25.15
2/7/2020,80.0075,103.963997,25.450001
2/10/2020,80.387497,106.695503,25.700001
2/11/2020,79.902496,107.540001,25.309999
2/12/2020,81.800003,108,25.110001
2/13/2020,81.217499,107.4935,25.09
2/14/2020,81.237503,106.7435,25.42
2/18/2020,79.75,107.783501,25.42
2/19/2020,80.904999,108.511002,25.549999
2/20/2020,80.074997,107.654999,25.48
2/21/2020,78.262497,104.7985,25.27
2/24/2020,74.544998,100.4645,25.309999
2/25/2020,72.019997,98.637001,25.1
2/26/2020,73.162498,98.9795,25.08
2/27/2020,68.379997,94.214996,24.85
2/28/2020,68.339996,94.1875,24.93
3/2/2020,74.702499,97.697502,24.66
3/3/2020,72.330002,95.449501,24.82
3/4/2020,75.684998,98.791496,24.110001
3/5/2020,73.230003,96.2015,24.049999
3/6/2020,72.2575,95.054497,24.16
3/9/2020,66.542503,90.030502,23.91
3/10/2020,71.334999,94.591003,23.6
3/11/2020,68.857498,91.042999,23
3/12/2020,62.057499,83.830498,21.15
3/13/2020,69.4925,89.25,21.49
3/16/2020,60.552502,84.457497,21.01
3/17/2020,63.215,90.391998,20.200001
3/18/2020,61.6675,91.5,19.35
3/19/2020,61.195,94.046501,18.58
3/20/2020,57.310001,92.304497,18
3/23/2020,56.092499,95.141502,18
3/24/2020,61.720001,97.004997,17.4
3/25/2020,61.380001,94.292,18.16
3/26/2020,64.610001,97.774498,16.879999
3/27/2020,61.935001,95.004997,18.209999
3/30/2020,63.702499,98.197502,19.42
3/31/2020,63.572498,97.486,19.059999
4/1/2020,60.227501,95.385002,19.139999
4/2/2020,61.232498,95.941498,18.299999
4/3/2020,60.352501,95.329498,18.57
4/6/2020,65.6175,99.879501,18.15
4/7/2020,64.857498,100.580002,18.41
4/8/2020,66.517502,102.150002,17.92
4/9/2020,66.997498,102.138,18.4
4/13/2020,68.3125,108.443497,19.110001
4/14/2020,71.762497,114.166,18.83
4/15/2020,71.107498,115.384003,19.139999
4/16/2020,71.672501,120.4095,19.280001
4/17/2020,70.699997,118.75,19.860001
4/20/2020,69.232498,119.680496,19.5
4/21/2020,67.092499,116.405998,19.379999
4/22/2020,69.025002,118.1745,19.280001
4/23/2020,68.7575,119.972504,19.1
4/24/2020,70.7425,120.511002,18.84
4/27/2020,70.792503,118.800003,18.74
4/28/2020,69.644997,115.704002,18.74
4/29/2020,71.932503,118.635498,18.67
4/30/2020,73.449997,123.699997,19
5/1/2020,72.267502,114.302002,19.07
5/4/2020,73.290001,115.7995,19.200001
5/5/2020,74.389999,115.889999,19.959999
5/6/2020,75.157501,117.563004,19.57
5/7/2020,75.934998,118.380501,19.700001
5/8/2020,77.532501,118.980499,19.74
5/11/2020,78.752502,120.449997,19.700001
5/12/2020,77.852501,117.847504,20
5/13/2020,76.912498,118.396004,19.35
5/14/2020,77.385002,119.442497,19.280001
5/15/2020,76.927498,120.488998,18.959999
5/18/2020,78.739998,121.313004,19
5/19/2020,78.285004,122.466499,19.08
5/20/2020,79.807503,124.897003,19.610001
5/21/2020,79.212502,122.336998,19.5
5/22/2020,79.722504,121.844002,19.450001
5/26/2020,79.182503,121.093002,19.18
5/27/2020,79.527496,120.519501,19.440001
5/28/2020,79.5625,120.055,19.440001
5/29/2020,79.485001,122.1185,19.639999
6/1/2020,80.462502,123.552002,19.469999
6/2/2020,80.834999,123.620499,19.66
6/3/2020,81.279999,123.919998,20.209999
6/4/2020,80.580002,123.029999,21.799999
6/5/2020,82.875,124.150002,21.99
6/8/2020,83.364998,126.203003,22.280001
6/9/2020,85.997498,130.042999,23.09
6/10/2020,88.209999,132.372498,22.950001
6/11/2020,83.974998,127.898003,23.059999
6/12/2020,84.699997,127.250999,22.15
6/15/2020,85.747498,128.634003,21.93
6/16/2020,88.019997,130.763504,21.299999
6/17/2020,87.897499,132.048996,21.66
6/18/2020,87.932503,132.699005,21.57
6/19/2020,87.43,133.750504,21.52
6/22/2020,89.717499,135.690994,21.16
6/23/2020,91.6325,138.220505,21.049999
6/24/2020,90.014999,136.720001,21.129999
6/25/2020,91.209999,137.729004,21.1
6/26/2020,88.407501,134.643494,20.690001
6/29/2020,90.445,134.018997,20.82
6/30/2020,91.199997,137.940994,20.52
7/1/2020,91.027496,143.934998,20.799999
7/2/2020,91.027496,144.514999,21.049999
7/6/2020,93.462502,152.852005,21.280001
7/7/2020,93.172501,150.005997,21.57
7/8/2020,95.342499,154.055496,21.969999
7/9/2020,95.752502,159.1315,21.67
7/10/2020,95.919998,160,21.790001
7/13/2020,95.477501,155.199997,21.65
7/14/2020,97.057503,154.199997,21.540001
7/15/2020,97.724998,150.443497,21.48
7/16/2020,96.522499,149.994995,21.879999
7/17/2020,96.327499,148.098495,21.6
7/20/2020,98.357498,159.841995,21.379999
7/21/2020,97,156.914505,21.290001
7/22/2020,97.272499,154.995499,21.4
7/23/2020,92.845001,149.327499,21.08
7/24/2020,92.614998,150.445496,21.1
7/27/2020,94.809998,152.760498,20.639999
7/28/2020,93.252502,150.016495,20.58
7/29/2020,95.040001,151.676498,20.5
7/30/2020,96.190002,152.593994,20.4
7/31/2020,106.260002,158.233994,19.77
8/3/2020,108.9375,155.594498,19.450001
8/4/2020,109.665001,156.941498,19.690001
8/5/2020,110.0625,160.251495,19.83
8/6/2020,113.902496,161.25,20.4
8/7/2020,111.112503,158.373001,20.6
8/10/2020,112.727501,157.408005,20.85
8/11/2020,109.375,154.033493,21.01
8/12/2020,113.010002,158.112,21.42
8/13/2020,115.010002,158.050995,21.07
8/14/2020,114.907501,157.401001,21
8/17/2020,114.607498,159.120499,20.74
8/18/2020,115.5625,165.624496,20.879999
8/19/2020,115.707497,163.024002,20.719999
8/20/2020,118.275002,164.8685,20.73
8/21/2020,124.370003,164.235992,20.790001
8/24/2020,125.857498,165.373001,20.99
8/25/2020,124.824997,167.324493,20.68
8/26/2020,126.522499,172.092499,20.459999
8/27/2020,125.010002,170,20.76
8/28/2020,124.807503,170.089996,20.870001
8/31/2020,129.039993,172.548004,20.870001
9/1/2020,134.179993,174.955994,20.870001
9/2/2020,131.399994,176.572495,20.76
9/3/2020,120.879997,168.399994,20.68
9/4/2020,120.959999,164.731003,20.719999
9/8/2020,112.82,157.492004,20.65
9/9/2020,117.32,163.430496,20.52
9/10/2020,113.489998,158.755493,20.540001
9/11/2020,112,155.811005,20.51
9/14/2020,115.360001,155.148499,20.459999
9/15/2020,115.540001,157.806503,20.35
9/16/2020,112.129997,153.904999,20.290001
9/17/2020,110.339996,150.436493,20.02
9/18/2020,106.839996,147.745499,20.049999
9/21/2020,110.080002,148.023499,19.99
9/22/2020,111.809998,156.449493,19.74
9/23/2020,107.120003,149.992996,19.889999
9/24/2020,108.220001,150.989502,19.799999
9/25/2020,112.279999,154.7565,20.01
9/28/2020,114.959999,158.702499,20.219999
9/29/2020,114.089996,157.244003,19.98
9/30/2020,115.809998,157.436493,19.91
10/1/2020,116.790001,161.063004,20.4
10/2/2020,113.019997,156.25,20.370001
10/5/2020,116.5,159.960007,20.58
10/6/2020,113.160004,154.998001,20.709999
10/7/2020,115.080002,159.7845,20.870001
10/8/2020,114.970001,159.527496,21.02
10/9/2020,116.970001,164.332504,21.049999
10/12/2020,124.400002,172.1465,21.4
10/13/2020,121.099998,172.181503,21.59
10/14/2020,121.190002,168.185501,21.32
10/15/2020,120.709999,166.932495,21.07
10/16/2020,119.019997,163.635498,21.389999
10/19/2020,115.980003,160.360504,21.57
10/20/2020,117.510002,160.850494,21.299999
10/21/2020,116.870003,159.246994,21.25
10/22/2020,115.75,158.820007,21.440001
10/23/2020,115.040001,160.220001,21.549999
10/26/2020,115.050003,160.352005,21.299999
10/27/2020,116.599998,164.316498,21.32
10/28/2020,111.199997,158.139008,20.9
10/29/2020,115.32,160.550507,20.559999
10/30/2020,108.860001,151.807495,20.35
11/2/2020,108.769997,150.223999,20.629999
11/3/2020,110.440002,152.420502,21.43
11/4/2020,114.949997,162.057999,21.549999
11/5/2020,119.029999,166.100006,22.43
11/6/2020,118.690002,165.568497,22.49
11/9/2020,116.32,157.186996,22.950001
11/10/2020,115.970001,151.751007,24.4
11/11/2020,119.489998,156.869507,24.4
11/12/2020,119.209999,155.514008,23.969999
11/13/2020,119.260002,156.440506,23.879999
11/16/2020,120.300003,156.552994,24.219999
11/17/2020,119.389999,156.783005,24.65
11/18/2020,118.029999,155.272995,24.629999
11/19/2020,118.639999,155.850998,24.42
11/20/2020,117.339996,154.970001,24.6
11/23/2020,113.849998,154.919495,25.07
11/24/2020,115.169998,155.903,25.6
11/25/2020,116.029999,159.253494,25.68
11/27/2020,116.589996,159.766998,25.5
11/30/2020,119.050003,158.401993,25.68
12/1/2020,122.720001,161.003998,25.200001
12/2/2020,123.080002,160.176498,25.190001
12/3/2020,122.940002,159.336502,25.32
12/4/2020,122.25,158.128998,25.58
12/7/2020,123.75,157.899994,25.66
12/8/2020,124.379997,158.864502,25.26
12/9/2020,121.779999,155.210007,25.01
12/10/2020,123.239998,155.074493,25.450001
12/11/2020,122.410004,155.820999,25.049999
12/14/2020,121.779999,157.848495,25.059999
12/15/2020,127.879997,158.255997,25.450001
12/16/2020,127.809998,162.048004,25.459999
12/17/2020,128.699997,161.804001,25.559999
12/18/2020,126.660004,160.082504,25.370001
12/21/2020,128.229996,160.309006,25.09
12/22/2020,131.880005,160.326004,25.200001
12/23/2020,130.960007,159.263504,25.049999
12/24/2020,131.970001,158.634506,25.07
12/28/2020,136.690002,164.197998,25.17
12/29/2020,134.869995,166.100006,25.129999
12/30/2020,133.720001,164.292496,25.200001
12/31/2020,132.690002,162.846497,25.23
1/4/2021,129.410004,159.331497,25.23
1/5/2021,131.009995,160.925507,25.34
1/6/2021,126.599998,156.919006,25.35
1/7/2021,130.919998,158.108002,25.18
1/8/2021,132.050003,159.134995,26.049999
1/11/2021,128.979996,155.710495,27.42
1/12/2021,128.800003,156.041504,26.92
1/13/2021,130.889999,158.294495,26.73
1/14/2021,128.910004,156.373505,26.76
1/15/2021,127.139999,155.212494,26.99
1/19/2021,127.830002,156.037994,26.85
1/20/2021,132.029999,163.169006,26.41
1/21/2021,136.869995,165.349503,26.59
1/22/2021,139.070007,164.611496,26.379999
1/25/2021,142.919998,164.699997,26.450001
1/26/2021,143.160004,166.306503,26.17
1/27/2021,142.059998,161.628998,25.93
1/28/2021,137.089996,161.880997,25.700001
1/29/2021,131.960007,160.309998,25.809999
2/1/2021,134.139999,167.143997,25.440001
2/2/2021,134.990005,169,25.18
2/3/2021,133.940002,165.626495,25.24
2/4/2021,137.389999,166.550003,25.27
2/5/2021,136.759995,167.607498,25.200001
2/8/2021,136.910004,166.147003,25.24
2/9/2021,136.009995,165.25,25.280001
2/10/2021,135.389999,164.328995,26.15
2/11/2021,135.130005,163.106506,25.93
2/12/2021,135.369995,163.885498,26
2/16/2021,133.190002,163.447495,26.07
2/17/2021,130.839996,165.432007,25.879999
2/18/2021,129.710007,166.411499,25.99
2/19/2021,129.869995,162.494995,26
2/22/2021,126,159.037003,25.76
2/23/2021,125.860001,159.725006,25.629999
2/24/2021,125.349998,157.976501,25.6
2/25/2021,120.989998,152.858002,25.66
2/26/2021,121.260002,154.6465,26.4
3/1/2021,127.790001,157.307007,26.9
3/2/2021,125.120003,154.726501,26.639999
3/3/2021,122.059998,150.25,27.1
3/4/2021,120.129997,148.878494,26.940001
3/5/2021,121.419998,150.022995,27.48
3/8/2021,116.360001,147.597504,28.040001
3/9/2021,121.089996,153.142502,27.690001
3/10/2021,119.980003,152.882004,28.4
3/11/2021,121.959999,155.679504,28.85
3/12/2021,121.029999,154.474503,27.84
3/15/2021,123.989998,154.084,28.309999
3/16/2021,125.57,154.593002,28.1
3/17/2021,124.760002,156.786499,27.959999
3/18/2021,120.529999,151.399506,27.9
3/19/2021,119.989998,153.748001,28.02
3/22/2021,123.389999,155.543503,28.379999
3/23/2021,122.540001,156.875,28.51
3/24/2021,120.089996,154.3535,28.379999
3/25/2021,120.589996,152.313004,28.200001
3/26/2021,121.209999,152.601501,28.299999
3/29/2021,121.389999,153.786499,28.5
3/30/2021,119.900002,152.764496,28.59
3/31/2021,122.150002,154.703995,28.82
4/1/2021,123,158.050003,29
4/5/2021,125.900002,161.336502,28.790001
4/6/2021,126.209999,161.190994,29
4/7/2021,127.900002,163.969498,29.309999
4/8/2021,130.360001,164.964996,29.299999
4/9/2021,133,168.610001,28.83
4/12/2021,131.240005,168.969498,28.700001
4/13/2021,134.429993,170,28.65
4/14/2021,132.029999,166.649994,28.690001
4/15/2021,134.5,168.954498,28.84
4/16/2021,134.160004,169.972,28.690001
4/19/2021,134.839996,168.600494,28.950001
4/20/2021,133.110001,166.734497,29
4/21/2021,133.5,168.100998,29.02
4/22/2021,131.940002,165.451996,29.02
4/23/2021,134.320007,167.044006,28.4
4/26/2021,134.720001,170.449997,28.969999
4/27/2021,134.389999,170.871506,28.950001
4/28/2021,133.580002,172.925003,29
4/29/2021,133.479996,173.565506,29.299999
4/30/2021,131.460007,173.371002,29.4
5/3/2021,132.539993,169.324493,29.389999
5/4/2021,127.849998,165.593506,29.91
5/5/2021,128.100006,163.526993,29.59
5/6/2021,129.740005,165.318497,29.4
5/7/2021,130.210007,164.580505,29.35
5/10/2021,126.849998,159.524506,29.57
5/11/2021,125.910004,161.195496,29.860001
5/12/2021,122.769997,157.597,29.629999
5/13/2021,124.970001,158.073502,29.440001
5/14/2021,127.449997,161.145004,29.5
5/17/2021,126.269997,163.519501,29.290001
5/18/2021,124.849998,161.613998,29.200001
5/19/2021,124.690002,161.589996,29.76
5/20/2021,127.309998,162.384003,29.35
5/21/2021,125.43,160.154007,29.620001
5/24/2021,127.099998,162.249496,29.83
5/25/2021,126.900002,162.952499,29.77
5/26/2021,126.849998,163.257996,29.969999
5/27/2021,125.279999,161.505493,30.059999
5/28/2021,124.610001,161.153503,30.41
6/1/2021,124.279999,160.932495,30.030001
6/2/2021,125.059998,161.699493,30.35
6/3/2021,123.540001,159.350494,29.92
6/4/2021,125.889999,160.311005,29.82
6/7/2021,125.900002,159.900497,29.709999
6/8/2021,126.739998,163.205505,30.34
6/9/2021,127.129997,164.057495,30.030001
6/10/2021,126.110001,167.482498,29.719999
6/11/2021,127.349998,167.341507,29.889999
6/14/2021,130.479996,169.193497,29.73
6/15/2021,129.639999,169.156494,29.66
6/16/2021,130.149994,170.762497,30.07
6/17/2021,131.789993,174.462006,29.92
6/18/2021,130.460007,174.345001,29.9
6/21/2021,132.300003,172.697998,29.77
6/22/2021,133.979996,175.272003,29.629999
6/23/2021,133.699997,175.190994,29.4
6/24/2021,133.410004,172.453995,29.33
6/25/2021,133.110001,170.072998,29.5
6/28/2021,134.779999,172.194504,29.52
6/29/2021,136.330002,172.406998,29.6
6/30/2021,136.960007,172.007996,29.18
7/1/2021,137.270004,171.648499,29.809999
7/2/2021,139.960007,175.548996,30.01
7/6/2021,142.020004,183.787003,30.08
7/7/2021,144.570007,184.828995,30
7/8/2021,143.240005,186.570496,30.870001
7/9/2021,145.110001,185.966995,30.09
7/12/2021,144.5,185.927505,29.540001
7/13/2021,145.639999,183.867996,29.66
7/14/2021,149.149994,184.084,29.940001
7/15/2021,148.479996,181.559998,30.33
7/16/2021,146.389999,178.681503,30.02
7/19/2021,142.449997,177.479507,29.879999
7/20/2021,146.149994,178.6595,30.120001
7/21/2021,145.399994,179.259995,29.58
7/22/2021,146.800003,181.901505,29.68
7/23/2021,148.559998,182.832001,30.200001
7/26/2021,148.990005,184.990997,30.209999
7/27/2021,146.770004,181.319504,30
7/28/2021,144.979996,181.516006,29.9
7/29/2021,145.639999,179.996002,30.07
7/30/2021,145.860001,166.379501,30.5
8/2/2021,145.520004,166.574005,30.41
8/3/2021,147.360001,168.311996,30.360001
8/4/2021,146.949997,167.735992,30.209999
8/5/2021,147.059998,168.7995,30.58
8/6/2021,146.139999,167.246994,30.799999
8/9/2021,146.089996,167.093506,31
8/10/2021,145.600006,166.033997,31.68
8/11/2021,145.860001,164.605499,31.280001
8/12/2021,148.889999,165.175003,31.24
8/13/2021,149.100006,164.698502,30.98
8/16/2021,151.119995,164.949493,30.67
8/17/2021,150.190002,162.098007,30.469999
8/18/2021,146.360001,160.061005,30.42
8/19/2021,146.699997,159.387497,29.92
8/20/2021,148.190002,159.997498,30.16
8/23/2021,149.710007,163.293503,30.059999
8/24/2021,149.619995,165.289001,30.120001
8/25/2021,148.360001,164.959,30.16
8/26/2021,147.539993,165.800003,30.5
8/27/2021,148.600006,167.481506,30.1
8/30/2021,153.119995,171.078506,30.4
8/31/2021,151.830002,173.539505,29.969999
9/1/2021,152.509995,173.949997,30.23
9/2/2021,153.649994,173.156006,30.1
9/3/2021,154.300003,173.902496,30.120001
9/7/2021,156.690002,175.464493,30.389999
9/8/2021,155.110001,176.274994,30.41
9/9/2021,154.070007,174.207993,30.059999
9/10/2021,148.970001,173.457504,30.24
9/13/2021,149.550003,172.858505,30.440001
9/14/2021,148.119995,172.5,30.290001
9/15/2021,149.029999,173.789505,30.34
9/16/2021,148.789993,174.412003,30.07
9/17/2021,146.059998,173.126007,30.08
9/20/2021,142.940002,167.786499,30.25
9/21/2021,143.429993,167.181503,29.77
9/22/2021,145.850006,169.002502,29.65
9/23/2021,146.830002,170.800003,29.299999
9/24/2021,146.919998,171.276001,29.549999
9/27/2021,145.369995,170.289993,29.35
9/28/2021,141.910004,165.798004,30
9/29/2021,142.830002,165.056,29.959999
9/30/2021,141.5,164.251999,30.110001
10/1/2021,142.649994,164.162994,30.32
10/4/2021,139.139999,159.488998,29.969999
10/5/2021,141.110001,161.050003,30.34
10/6/2021,142,163.100494,30.23
10/7/2021,143.289993,165.121506,30.290001
10/8/2021,142.899994,164.431,30.459999
10/11/2021,142.809998,162.315002,30.43
10/12/2021,141.509995,162.366501,30.25
10/13/2021,140.910004,164.214005,30.129999
10/14/2021,143.759995,164.992996,30.5
10/15/2021,144.839996,170.451004,30.42
10/18/2021,146.550003,172.337006,30.41
10/19/2021,148.759995,172.207504,30.48
10/20/2021,149.259995,170.753006,31.219999
10/21/2021,149.479996,171.750504,31.32
10/22/2021,148.690002,166.777496,31.219999
10/25/2021,148.639999,166.018494,31.370001
10/26/2021,149.320007,168.803497,31.49
10/27/2021,148.850006,169.624496,31.540001
10/28/2021,152.570007,172.328506,31.76
10/29/2021,149.800003,168.621506,31.620001
11/1/2021,148.960007,165.905502,31.530001
11/2/2021,150.020004,165.637497,31.870001
11/3/2021,151.490005,169.199997,32.099998
11/4/2021,150.960007,173.850006,32.209999
11/5/2021,151.279999,175.949493,32.290001
11/8/2021,150.440002,174.449005,32.599998
11/9/2021,150.809998,178.811493,32.299999
11/10/2021,147.919998,174.102493,32.099998
11/11/2021,147.869995,173.625,32.23
11/12/2021,149.990005,176.257507,32.040001
11/15/2021,150,177.283997,32.189999
11/16/2021,151,177.035004,32.040001
11/17/2021,153.490005,177.449997,32.209999
11/18/2021,157.869995,184.802994,32.470001
11/19/2021,160.550003,183.828506,32.48
11/22/2021,161.020004,178.628494,32.529999
11/23/2021,161.410004,179.001999,32.389999
11/24/2021,161.940002,179.020493,32.380001
11/26/2021,156.809998,175.227997,32.110001
11/29/2021,160.240005,178.078506,31.57
11/30/2021,165.300003,175.3535,30.790001
12/1/2021,164.770004,172.186005,29.870001
12/2/2021,163.759995,171.867996,31.379999
12/3/2021,161.839996,169.489502,31.549999
12/6/2021,165.320007,171.3685,31.469999
12/7/2021,171.179993,176.164505,31.809999
12/8/2021,175.080002,176.158005,32.060001
12/9/2021,174.559998,174.171005,31.99
12/10/2021,179.449997,172.212006,31.950001
12/13/2021,175.740005,169.567505,31.9
12/14/2021,174.330002,169.091507,31.84
12/15/2021,179.300003,173.315002,31.84
12/16/2021,172.259995,168.871002,31.9
12/17/2021,171.139999,170.017502,32.330002
12/20/2021,169.75,167.078995,32.439999
12/21/2021,172.990005,170.417007,32.150002
12/22/2021,175.639999,171.037003,32.139999
12/23/2021,176.279999,171.068497,32.380001
12/27/2021,180.330002,169.669495,32.5
12/28/2021,179.289993,170.660995,32.610001
12/29/2021,179.380005,169.201004,32.5
12/30/2021,178.199997,168.644501,32.75
12/31/2021,177.570007,166.716995,32.779999
1/3/2022,182.009995,170.404495,32.66
1/4/2022,179.699997,167.522003,32.66
1/5/2022,174.919998,164.356995,32.790001
1/6/2022,172,163.253998,33.709999
1/7/2022,172.169998,162.554001,33.240002
1/10/2022,172.190002,161.485992,33.82
1/11/2022,175.080002,165.362,34.369999
1/12/2022,175.529999,165.207001,35.07
1/13/2022,172.190002,161.214005,35.419998
1/14/2022,173.070007,162.138,35.509998
1/18/2022,169.800003,158.917496,35.5
1/19/2022,166.229996,156.298996,35.880001
1/20/2022,164.509995,151.667496,36
1/21/2022,162.410004,142.643005,35.919998
1/24/2022,161.619995,144.544006,35.93
1/25/2022,159.779999,139.985992,35.990002
1/26/2022,159.690002,138.872498,35.549999
1/27/2022,159.220001,139.637497,35.66
1/28/2022,170.330002,143.977997,35.200001
1/31/2022,174.779999,149.573502,35.310001
2/1/2022,174.610001,151.193497,35.259998
2/2/2022,175.839996,150.612503,34.82
2/3/2022,172.899994,138.845505,35.200001
2/4/2022,172.389999,157.639496,35.700001
2/7/2022,171.660004,157.935501,35.950001
2/8/2022,174.830002,161.413498,36.48
2/9/2022,176.279999,161.189499,36.580002
2/10/2022,172.119995,159.003494,36.98
2/11/2022,168.639999,153.293503,36.849998
2/14/2022,168.880005,155.167007,37.25
2/15/2022,172.789993,156.510498,37.200001
2/16/2022,172.550003,158.100494,36.529999
2/17/2022,168.880005,154.652496,36.799999
2/18/2022,167.300003,152.601501,36.529999
2/22/2022,164.320007,150.197495,36.450001
2/23/2022,160.070007,144.826996,36.509998
2/24/2022,162.740005,151.358002,36.25
2/25/2022,164.850006,153.788498,36.5
2/28/2022,165.119995,153.563004,34.75
3/1/2022,163.199997,151.141998,34.950001
3/2/2022,166.559998,152.052505,33.82
3/3/2022,166.229996,147.898499,34.419998
3/4/2022,163.169998,145.641006,33.330002
3/7/2022,159.300003,137.453003,33.23
3/8/2022,157.440002,136.014496,32.599998
3/9/2022,162.949997,139.279007,31.91
3/10/2022,158.520004,146.817505,31.23
3/11/2022,154.729996,145.524506,32.259998
3/14/2022,150.619995,141.852997,32.889999
3/15/2022,155.089996,147.366501,33.259998
3/16/2022,159.589996,153.104004,33.16
3/17/2022,160.619995,157.238998,33.889999
3/18/2022,163.979996,161.250504,34.57
3/21/2022,165.380005,161.491501,34.720001
3/22/2022,168.820007,164.889008,34.759998
3/23/2022,170.210007,163.408005,35.200001
3/24/2022,174.070007,163.649506,35.040001
3/25/2022,174.720001,164.773499,35.18
3/28/2022,175.600006,168.990494,35.639999
3/29/2022,178.960007,169.315002,35.599998
3/30/2022,177.770004,166.300995,36.16
3/31/2022,174.610001,162.997498,35.970001
4/1/2022,174.309998,163.559998,36.130001
4/4/2022,178.440002,168.346497,35.830002
4/5/2022,175.059998,164.054993,35.549999
4/6/2022,171.830002,158.755997,35.529999
4/7/2022,172.139999,157.7845,35.91
4/8/2022,170.089996,154.460495,35.75
4/11/2022,165.75,151.121994,35.330002
4/12/2022,167.660004,150.787506,34.369999
4/13/2022,170.399994,155.541,34.049999
4/14/2022,165.289993,151.706497,33.240002
4/18/2022,165.070007,152.785004,33.580002
4/19/2022,167.399994,158.115494,33.48
4/20/2022,167.229996,153.998001,33
4/21/2022,166.419998,148.296005,33
4/22/2022,161.789993,144.350006,33.240002
4/25/2022,162.880005,146.074005,33.389999
4/26/2022,156.800003,139.391006,33.639999
4/27/2022,156.570007,138.167007,33.400002
4/28/2022,163.639999,144.596497,33.040001
4/29/2022,157.649994,124.281502,32.900002
5/2/2022,157.960007,124.5,33.009998
5/3/2022,159.479996,124.253502,33.919998
5/4/2022,166.020004,125.928497,34.049999
5/5/2022,156.770004,116.406998,33.599998
5/6/2022,157.279999,114.772499,33.07
5/9/2022,152.059998,108.789001,32.900002
5/10/2022,154.509995,108.859001,32.450001
5/11/2022,146.5,105.372002,31.92
5/12/2022,142.559998,106.930496,31.059999
5/13/2022,147.110001,113.055,31.23
5/16/2022,145.539993,110.810501,31.040001
5/17/2022,149.240005,115.3685,31.200001
5/18/2022,140.820007,107.112503,30.889999
5/19/2022,137.350006,107.319,31.200001
5/20/2022,137.589996,107.591003,30.700001
5/23/2022,143.110001,107.556999,30.5
5/24/2022,140.360001,104.099998,30.5
5/25/2022,140.520004,106.775002,31.030001
5/26/2022,143.779999,111.077499,31.1
5/27/2022,149.639999,115.1465,31.17
5/31/2022,148.839996,120.209503,30.940001
6/1/2022,148.710007,121.683998,31.209999
6/2/2022,151.210007,125.511002,31.049999
6/3/2022,145.380005,122.349998,31
6/6/2022,146.139999,124.790001,30.709999
6/7/2022,148.710007,123,30.809999
6/8/2022,147.960007,121.18,30.51
6/9/2022,142.639999,116.150002,30.360001
6/10/2022,137.130005,109.650002,30.129999
6/13/2022,131.880005,103.669998,29.9
6/14/2022,132.759995,102.309998,29.82
6/15/2022,135.429993,107.669998,29.93
6/16/2022,130.059998,103.660004,29.9
6/17/2022,131.559998,106.220001,29.889999
6/21/2022,135.869995,108.68,29.91
6/22/2022,135.350006,108.949997,30.25
6/23/2022,138.270004,112.440002,29.959999
6/24/2022,141.660004,116.459999,29.85
6/27/2022,141.660004,113.220001,29.809999
6/28/2022,137.440002,107.400002,30.209999
6/29/2022,139.229996,108.919998,30.15
6/30/2022,136.720001,106.209999,30
7/1/2022,138.929993,109.559998,29.68
7/5/2022,141.559998,113.5,29.49
7/6/2022,142.919998,114.330002,30
7/7/2022,146.350006,116.330002,30.07
7/8/2022,147.039993,115.540001,30
7/11/2022,144.869995,111.75,30.16
7/12/2022,145.860001,109.220001,30.030001
7/13/2022,145.490005,110.400002,30.73
7/14/2022,148.470001,110.629997,30.139999
7/15/2022,150.169998,113.550003,29.799999
7/18/2022,147.070007,113.760002,29.67
7/19/2022,151,118.209999,29.959999
7/20/2022,153.039993,122.769997,29.950001
7/21/2022,155.350006,124.629997,30.85
7/22/2022,154.089996,122.419998,30.67
7/25/2022,152.949997,121.139999,31.26
7/26/2022,151.600006,114.809998,31.26
7/27/2022,156.789993,120.970001,31.440001
7/28/2022,157.350006,122.279999,31.65
7/29/2022,162.509995,134.949997,31.82
8/1/2022,161.509995,135.389999,31.469999
8/2/2022,160.009995,134.160004,31.73
8/3/2022,166.130005,139.520004,31.709999
8/4/2022,165.809998,142.570007,32.330002
8/5/2022,165.350006,140.800003,32.41
8/8/2022,164.869995,139.410004,32.84
8/9/2022,164.919998,137.830002,32.77
8/10/2022,169.240005,142.690002,33.240002
8/11/2022,168.490005,140.639999,33.470001
8/12/2022,172.100006,143.550003,33.349998
8/15/2022,173.190002,143.179993,32.799999
8/16/2022,173.029999,144.779999,32.310001
8/17/2022,174.550003,142.100006,32.25
8/18/2022,174.149994,142.300003,32.439999
8/19/2022,171.520004,138.229996,32.040001
8/22/2022,167.570007,133.220001,32.790001
8/23/2022,167.229996,133.619995,32.799999
8/24/2022,167.529999,133.800003,32.849998
8/25/2022,170.029999,137.279999,33
8/26/2022,163.619995,130.75,32.84
8/29/2022,161.380005,129.789993,32.549999
8/30/2022,158.910004,128.729996,32.880001
8/31/2022,157.220001,126.769997,32.599998
9/1/2022,157.960007,127.82,32.549999
9/2/2022,155.809998,127.510002,32.43
9/6/2022,154.529999,126.110001,32.639999
9/7/2022,155.960007,129.479996,32.540001
9/8/2022,154.460007,129.820007,32.279999
9/9/2022,157.369995,133.270004,32.990002
9/12/2022,163.429993,136.449997,33.369999
9/13/2022,153.839996,126.82,33.490002
9/14/2022,155.309998,128.550003,33.630001
9/15/2022,152.369995,126.279999,33.32
9/16/2022,150.699997,123.529999,33.389999
9/19/2022,154.479996,124.660004,33.549999
9/20/2022,156.899994,122.190002,33.400002
9/21/2022,153.720001,118.540001,33.66
9/22/2022,152.740005,117.309998,33.529999
9/23/2022,150.429993,113.779999,33.52
9/26/2022,150.770004,115.150002,33.400002
9/27/2022,151.759995,114.410004,33.189999
9/28/2022,149.839996,118.010002,33.02
9/29/2022,142.479996,114.800003,32.560001
9/30/2022,138.199997,113,32.93
10/3/2022,142.449997,115.879997,33.389999
10/4/2022,146.100006,121.089996,33.150002
10/5/2022,146.399994,120.949997,33.380001
10/6/2022,145.429993,120.300003,33.419998
10/7/2022,140.089996,114.559998,33.59
10/10/2022,140.419998,113.669998,33.470001
10/11/2022,138.979996,112.209999,33.189999
10/12/2022,138.339996,112.900002,33.310001
10/13/2022,142.990005,112.529999,33.459999
10/14/2022,138.380005,106.900002,32.630001
10/17/2022,142.410004,113.790001,33.09
10/18/2022,143.75,116.360001,32.419998
10/19/2022,143.860001,115.07,32.5
10/20/2022,143.389999,115.25,32.849998
10/21/2022,147.270004,119.32,32.689999
10/24/2022,149.449997,119.82,32.389999
10/25/2022,152.339996,120.599998,32.759998
10/26/2022,149.350006,115.660004,32.630001
10/27/2022,144.800003,110.959999,32.810001
10/28/2022,155.740005,103.410004,33.779999
10/31/2022,153.339996,102.440002,34.200001
11/1/2022,150.649994,96.790001,34.580002
11/2/2022,145.029999,92.120003,34.740002
11/3/2022,138.880005,89.300003,34.200001
11/4/2022,138.380005,90.980003,34.470001
11/7/2022,138.919998,90.529999,34.43
11/8/2022,139.5,89.980003,34.59
11/9/2022,134.869995,86.139999,34.669998
11/10/2022,146.869995,96.629997,34.540001
11/11/2022,149.699997,100.790001,34.790001
11/14/2022,148.279999,98.489998,34.860001
11/15/2022,150.039993,98.940002,35.18
11/16/2022,148.789993,97.120003,35.07
11/17/2022,150.720001,94.849998,35.610001
11/18/2022,151.289993,94.139999,35.540001
11/21/2022,148.009995,92.459999,35.259998
11/22/2022,150.179993,93.199997,35.580002
11/23/2022,151.070007,94.129997,35.360001
11/25/2022,148.110001,93.410004,35
11/28/2022,144.220001,93.949997,34.75
11/29/2022,141.169998,92.419998,34.450001
11/30/2022,148.029999,96.540001,34.950001
12/1/2022,148.309998,95.5,35.189999
12/2/2022,147.809998,94.129997,34.950001
12/5/2022,146.630005,91.010002,34.470001
12/6/2022,142.910004,88.25,34.5
12/7/2022,140.940002,88.459999,34
12/8/2022,142.649994,90.349998,33.5
12/9/2022,142.160004,89.089996,33.349998
12/12/2022,144.490005,90.550003,33.389999
12/13/2022,145.470001,92.489998,33.630001
12/14/2022,143.210007,91.580002,34.09
12/15/2022,136.5,88.449997,34.080002
12/16/2022,134.509995,87.860001,33.959999
12/19/2022,132.369995,84.919998,33.84
12/20/2022,132.300003,85.190002,34.110001
12/21/2022,135.449997,86.769997,34.209999
12/22/2022,132.229996,83.790001,34.209999
12/23/2022,131.860001,85.25,34.27
12/27/2022,130.029999,83.040001,34.040001
12/28/2022,126.040001,81.82,34.299999
12/29/2022,129.610001,84.18,34.200001
12/30/2022,129.929993,84,33.93
1/3/2023,125.07,85.82,33.919998
1/4/2023,126.360001,85.139999,33.880001
1/5/2023,125.019997,83.120003,34.02
1/6/2023,129.619995,86.080002,34.779999
1/9/2023,130.149994,87.360001,34.470001
1/10/2023,130.729996,89.870003,35.25
1/11/2023,133.490005,95.089996,34.560001
1/12/2023,133.410004,95.269997,34.639999
1/13/2023,134.759995,98.120003,34.5
1/17/2023,135.940002,96.050003,34.82
1/18/2023,135.210007,95.459999,34.869999
1/19/2023,135.270004,93.68,34.869999
1/20/2023,137.869995,97.25,35.029999
1/23/2023,141.110001,97.519997,34.529999
1/24/2023,142.529999,96.32,34.549999
1/25/2023,141.860001,97.18,35.509998
1/26/2023,143.960007,99.220001,35.700001
1/27/2023,145.929993,102.239998,35.970001
1/30/2023,143,100.550003,35.68
1/31/2023,144.289993,103.129997,35.790001
2/1/2023,145.429993,105.150002,35.810001
2/2/2023,150.820007,112.910004,35.080002
2/3/2023,154.5,103.389999,35.5
2/6/2023,151.729996,102.18,35.84
2/7/2023,154.649994,102.110001,35.990002
2/8/2023,151.919998,100.050003,36.189999
2/9/2023,150.869995,98.239998,35.919998
2/10/2023,151.009995,97.610001,36.029999
2/13/2023,153.850006,99.540001,35.32
2/14/2023,153.199997,99.699997,35.060001
2/15/2023,155.330002,101.160004,34.700001
2/16/2023,153.710007,98.150002,34.799999
2/17/2023,152.550003,97.199997,35.02
2/21/2023,148.479996,94.580002,34.919998
2/22/2023,148.910004,95.790001,34.860001
2/23/2023,149.399994,95.82,34.66
2/24/2023,146.710007,93.5,34.34
2/27/2023,147.919998,93.760002,34.400002
2/28/2023,147.410004,94.230003,34.34
3/1/2023,145.309998,92.169998,34.169998
3/2/2023,145.910004,92.129997,34
3/3/2023,151.029999,94.900002,33.549999
3/6/2023,153.830002,93.75,33.5
3/7/2023,151.600006,93.550003,33.82
3/8/2023,152.869995,93.919998,33.84
3/9/2023,150.589996,92.25,33.709999
3/10/2023,148.5,90.730003,33.490002
3/13/2023,150.470001,92.43,33.18
3/14/2023,152.589996,94.879997,32.700001
3/15/2023,152.990005,96.199997,32.330002
3/16/2023,155.850006,100.040001,32.970001
3/17/2023,155,98.949997,32.549999
3/20/2023,157.399994,97.709999,32.549999
3/21/2023,159.279999,100.610001,32.220001
3/22/2023,157.830002,98.699997,32.91
3/23/2023,158.929993,98.709999,33.5
3/24/2023,160.25,98.129997,33.490002
3/27/2023,158.279999,98.040001,33.369999
3/28/2023,157.649994,97.239998,33.459999
3/29/2023,160.770004,100.25,33.619999
3/30/2023,162.360001,102,33.59
3/31/2023,164.899994,103.290001,33.5
4/3/2023,166.169998,102.410004,33
4/4/2023,165.630005,103.949997,32.970001
4/5/2023,163.759995,101.099998,33.299999
4/6/2023,164.660004,102.059998,33.310001
4/10/2023,162.029999,102.169998,33.380001
4/11/2023,160.800003,99.919998,32.389999
4/12/2023,160.100006,97.830002,32.470001
4/13/2023,165.559998,102.400002,32.32
4/14/2023,165.210007,102.510002,32.52
4/17/2023,165.229996,102.739998,32.57
4/18/2023,166.470001,102.300003,32.849998
4/19/2023,167.630005,104.300003,32.75
4/20/2023,166.649994,103.809998,32.950001
4/21/2023,165.020004,106.959999,32.669998
4/24/2023,165.330002,106.209999,32.630001
4/25/2023,163.770004,102.57,32.869999
4/26/2023,163.759995,104.980003,32.91
4/27/2023,168.410004,109.82,32.700001
4/28/2023,169.679993,105.449997,32.759998
5/1/2023,169.589996,102.050003,32.82
5/2/2023,168.539993,103.629997,32.950001
5/3/2023,167.449997,103.650002,32.209999
5/4/2023,165.789993,104,32.130001
5/5/2023,173.570007,105.660004,31.9
5/8/2023,173.5,105.830002,31.950001
5/9/2023,171.770004,106.620003,31.700001
5/10/2023,173.559998,110.190002,31.620001
5/11/2023,173.75,112.18,31.1
5/12/2023,172.570007,110.260002,30.66
5/15/2023,172.070007,111.199997,30.959999
5/16/2023,172.070007,113.400002,30.959999
5/17/2023,172.690002,115.5,30.57
5/18/2023,175.050003,118.150002,30.440001
5/19/2023,175.160004,116.25,30.83
5/22/2023,174.199997,115.010002,30.91
5/23/2023,171.559998,114.989998,31.49
5/24/2023,171.839996,116.75,31.4
5/25/2023,172.990005,115,31.610001
5/26/2023,175.429993,120.110001,31.629999
5/30/2023,177.300003,121.660004,31.469999
5/31/2023,177.25,120.580002,31.33
6/1/2023,180.089996,122.769997,30.299999
6/2/2023,180.949997,124.25,30.6
6/5/2023,179.580002,125.300003,31.059999
6/6/2023,179.210007,126.610001,31.16
6/7/2023,177.820007,121.230003,30.889999
6/8/2023,180.570007,124.25,31.1
6/9/2023,180.960007,123.43,30.91
6/12/2023,183.789993,126.57,31.25
6/13/2023,183.309998,126.660004,30.9
6/14/2023,183.949997,126.419998,31.16
6/15/2023,186.009995,127.110001,31
6/16/2023,184.919998,125.489998,31.18
6/20/2023,185.009995,125.779999,31.110001
6/21/2023,183.960007,124.830002,31.15
6/22/2023,187,130.149994,31.35
6/23/2023,186.679993,129.330002,31.82
6/26/2023,185.270004,127.330002,31.43
6/27/2023,188.059998,129.179993,31.57
6/28/2023,189.25,129.039993,31.290001
6/29/2023,189.589996,127.900002,31.52
6/30/2023,193.970001,130.360001,31.51
7/3/2023,192.460007,130.220001,31.51
7/5/2023,191.330002,130.380005,31.42
7/6/2023,191.809998,128.360001,31.209999
7/7/2023,190.679993,129.779999,30.709999
7/10/2023,188.610001,127.129997,30.67
7/11/2023,188.080002,128.779999,30.91
7/12/2023,189.770004,130.800003,31.01
7/13/2023,190.539993,134.300003,31.01
7/14/2023,190.690002,134.679993,31.870001
7/17/2023,193.990005,133.559998,31.99
7/18/2023,193.729996,132.830002,32.470001
7/19/2023,195.100006,135.360001,32.529999
7/20/2023,193.130005,129.960007,32.740002
7/21/2023,191.940002,130,32.549999
7/24/2023,192.75,128.800003,32.740002
7/25/2023,193.619995,129.130005,32.439999
7/26/2023,194.5,128.149994,32.75
7/27/2023,193.220001,128.25,33.16
7/28/2023,195.830002,132.210007,33.759998
7/31/2023,196.449997,133.679993,34.259998
8/1/2023,195.610001,131.690002,34.259998
8/2/2023,192.580002,128.210007,34.400002
8/3/2023,191.169998,128.910004,33.84
8/4/2023,181.990005,139.570007,33.759998
8/7/2023,178.850006,142.220001,34.25
8/8/2023,179.800003,139.940002,34.349998
8/9/2023,178.190002,137.850006,34.299999
8/10/2023,177.970001,138.559998,34.23
8/11/2023,177.789993,138.410004,33.619999
8/14/2023,179.460007,140.570007,33.560001
8/15/2023,177.449997,137.669998,33.290001
8/16/2023,176.570007,135.070007,33.099998
8/17/2023,174,133.979996,32.77
8/18/2023,174.490005,133.220001,32.720001
8/21/2023,175.839996,134.679993,32.52
8/22/2023,177.229996,134.25,32.66
8/23/2023,181.119995,135.520004,32.799999
8/24/2023,176.380005,131.839996,32.810001
8/25/2023,178.610001,133.259995,32.900002
8/28/2023,180.190002,133.139999,33.220001
8/29/2023,184.119995,134.910004,33.360001
8/30/2023,187.649994,135.070007,33.150002
8/31/2023,187.869995,138.009995,33.299999
9/1/2023,189.460007,138.119995,33.419998
9/5/2023,189.699997,137.270004,33.330002
9/6/2023,182.910004,135.360001,33.400002
9/7/2023,177.559998,137.850006,33.41
9/8/2023,178.179993,138.229996,33.23
9/11/2023,179.360001,143.100006,33.490002
9/12/2023,176.300003,141.229996,33.259998
9/13/2023,174.210007,144.850006,33.540001
9/14/2023,175.740005,144.720001,34.09
9/15/2023,175.009995,140.389999,34.240002
9/18/2023,177.970001,139.979996,34.23
9/19/2023,179.070007,137.630005,33.830002
9/20/2023,175.490005,135.289993,33.68
9/21/2023,173.929993,129.330002,33.220001
9/22/2023,174.789993,129.119995,33.25
9/25/2023,176.080002,131.270004,33.450001
9/26/2023,171.960007,125.980003,33.509998
9/27/2023,170.429993,125.980003,33.43
9/28/2023,170.690002,125.980003,33.5
